query,script_title,overall_rating,剧情,推理,悬疑,欢乐,情感,机制,还原,沉浸,演绎,玩法,故事,难度,互动,立意,阵营,本格,变格,恐怖,硬核,want_count,played_count,review_count,publishers,metadata,tags
绣春刀,绣春刀,7.1,7.1,0,0,0,7.1,6.9,0,0,0,0,0,0,0,0,0,0,0,0,0,7609,3477,62,一闪工作室; 草庐,3男4女 4.5小时 新手,古风 机制 沉浸 武侠
克里塔斯,克里塔斯,6.9,6.7,0,0,0,6.9,0,6.4,0,0,0,0,0,0,0,0,0,0,0,0,1.4,4499,370,呓语剧本创作,3男3女 5.5小时 进阶 2023.01发行,
致曾来过的你,,0,0,0,0,0,0,0,0,0,0,0,0,0,0,0,0,0,0,0,0,0,0,0,,,
百匠奇案,,0,0,0,0,0,0,0,0,0,0,0,0,0,0,0,0,0,0,0,0,0,0,0,,,
寸血山河,,0,0,0,0,0,0,0,0,0,0,0,0,0,0,0,0,0,0,0,0,0,0,0,,,
乱神志耀斑,,0,0,0,0,0,0,0,0,0,0,0,0,0,0,0,0,0,0,0,0,0,0,0,,,
月亮是指路牌,月亮是指路牌,8.5,7.9,0,0,0,8.3,0,0,8.1,0,0,0,0,0,0,0,0,0,0,0,10570,11817,572,,3男3女 4.0小时 进阶 2022.06发行,架空 情感 沉浸 童话
SEVEN,seven,6.3,6.6,6.4,0,0,0,0,0,0,0,0,0,0,0,6.4,0,0,0,0,0,1.4,4872,301,归途工作室,"第59本 时长：4.5小时 配置：4男2女 店家：景德镇三仟世界 近期最踩雷的一个本,能感觉到作者从形式到内容上的用力,但是真的不好玩。好像还把我一个第一次...全文",
小女孩绽放的夜晚,,0,0,0,0,0,0,0,0,0,0,0,0,0,0,0,0,0,0,0,0,0,0,0,,,
YiYi,,0,0,0,0,0,0,0,0,0,0,0,0,0,0,0,0,0,0,0,0,0,0,0,,,
风声之独白,,0,0,0,0,0,0,0,0,0,0,0,0,0,0,0,0,0,0,0,0,0,0,0,,,
理想国,,0,0,0,0,0,0,0,0,0,0,0,0,0,0,0,0,0,0,0,0,0,0,0,,,
推理作家的独白,,0,0,0,0,0,0,0,0,0,0,0,0,0,0,0,0,0,0,0,0,0,0,0,,,
误入杀手镇的0和1,误入杀手镇的0和1,6.1,6.3,0,0,6.9,0,6.6,0,0,0,0,0,0,0,0,0,0,0,0,0,3.8,33680,1104,飞鱼探案,3男3女 4.5小时 进阶 2022.11发行,架空 机制 欢乐 都市
黑白,黑白,6,0,0,0,0,0,0,0,0,0,0,0,0,0,0,0,0,0,0,0,0,0,0,秦探工作室,5男2女 4.0小时 进阶,
如期,如期,7.9,7.3,0,0,0,7.4,0,0,0,7.7,0,0,0,0,0,0,0,0,0,0,6674,7847,371,又川文化; 大桶互娱,3男3女 4.5小时 进阶 2021.12发行,
蝉蜕之谜,,0,0,0,0,0,0,0,0,0,0,0,0,0,0,0,0,0,0,0,0,0,0,0,,,
缠绕列车,,0,0,0,0,0,0,0,0,0,0,0,0,0,0,0,0,0,0,0,0,0,0,0,,,
猎人笔记雪夜,猎人笔记：雪夜,8.2,8.0,0,0,0,0,0,0,7.7,0,0,0,0,0,8.0,0,0,0,0,0,22574,19846,1026,雪碧工作室,4男3女 4.0小时 进阶 2022.05发行,
东京恐怖故事铃兰女校,东京恐怖故事：铃兰女校,7.8,7.6,0,0,0,0,0,0,7.2,0,0,0,0,0,0,0,0,0,0,0,36230,150241,9509,剧作时代,新手恐怖必玩儿本！很多人的东恐入坑本。 4个多小时，全程尖叫，没有尿点。 开头找名字，找床铺破冰，紧接着几个不是很核心的本格案件，有双搜，单搜，全程恐怖氛围围绕，总线又有情感抉择，后遗症一周左右。 一男6女玩儿的，带妹恐搜很欢乐。,日式 推理 惊悚 校园
怪谈事务所诡楼,怪谈事务所：诡楼,8.7,7.6,0,0,0,0,8.5,0,0,0,8.2,0,0,0,0,0,0,0,0,0,3161,53888,4944,百川望辰工作室,3男3女 8.0小时 进阶 2023.02发行,日式 机制 博弈 怪谈
长生祭（cs祭）,长生祭,6.8,7.0,6.9,0,0,0,0,0,0,0,0,0,0,0,0,0,0,0,0,0,304,1848,101,K的游戏,3男1女 3.0小时 新手 2021.02发行,架空 推理 惊悚 武侠
往事thepast,ThePast往事,8.8,8.0,8.5,0,0,0,0,0,0,0,7.9,0,0,0,0,0,0,0,0,0,43738,29041,2469,KEYS工作室,4男2女 6.0小时 高阶 2020.11发行,
暗黑者惩罚,暗黑者：惩罚,8.2,7.6,0,7.6,0,0,7.3,0,0,0,0,0,0,0,0,0,0,0,0,0,2.6,46762,2048,隐证剧本工作室,4男2女 6.0小时 高阶 2021.04发行,
Hi老妖婆,HI！老妖婆,7.4,7.2,0,0,7.4,0,0,0,0,0,0,0,0,0,0,0,0,0,0,0,16909,18609,808,气球文娱,3男3女 4.0小时 新手 2023.02发行,【剧本杀测评】 📖剧本名称：HI！老妖婆 👫🏼游戏人数：3男3女（可反串） ⏰游戏时长：4h 🧩剧本类型：欢乐 机制 情感 🙀难易程...全文
vr伐木累2冰封的太阳,vr伐木累2：冰封的太阳,7.5,7.2,0,0,7.0,0,0,0,7.2,0,0,0,0,0,0,0,0,0,0,0,5.8,4101,102,云珂工作室,百本选手说剧本:剧本《VR伐木累2:冰封的太阳》6人本 4男2女 剧本类型:城限本 欢乐 机制 情感本 游戏时间:5小时左右 家国情怀 爱情 亲情 友情 情感本 完全 带入不了 角色 一上来的游戏 玩的还可以 然后就开始 割裂了 有一种 剧本 不是一个人 写的感觉 而且 作者 文笔一般 读不下去 读着读着 睡着了💤 最后的沉浸 是啥...全文,架空 阵营 欢乐 新手
东京恐怖故事自杀森林,东京恐怖故事：自杀森林,6.9,7.1,6.8,0,0,0,0,0,0,0,0,0,0,0,0,0,0,0,0,0,13091,12177,663,剧作时代,2男4女 4.5小时 进阶 2022.05发行,日式 推理 惊悚 怪谈
极乐都市,THUGS！极乐都市,8.0,7.2,0,0,8.0,0,7.8,0,0,0,0,0,0,0,0,0,0,0,0,0,3161,23548,1283,绯色剧制,4男3女 5.5小时 进阶 2022.05发行,
冥河2天道,冥河2：天道,10,0,0,0,0,0,0,0,0,0,0,0,0,0,0,0,0,0,0,0,6682,0,0,九月天工作室,3男3女 4.5小时 进阶 2021.03发行,古风 情感 演绎 都市
雪松郡公立医院,K的游戏：雪松郡公立医院,6,0,0,0,0,0,0,0,0,0,0,0,0,0,0,0,0,0,0,0,2125,0,0,K的游戏,1男0女 2.0小时 新手 2020.09发行,中式 机制 惊悚 新手
阎罗帖2杀人者的预判推理,,0,0,0,0,0,0,0,0,0,0,0,0,0,0,0,0,0,0,0,0,0,0,0,,,
吾自齐天2奉君天阙客,吾自齐天2：奉君天阙客,7.7,7.3,0,0,0,7.4,0,0,0,7.7,0,0,0,0,0,0,0,0,0,0,6683,3591,179,翰林院工作室,3男3女 4.5小时 新手 2022.07发行,古风 情感 演绎 神话
吨吨吨2淘金盛宴,吨吨吨2：淘金盛宴,6.5,6.3,0,0,7.0,0,6.7,0,0,0,0,0,0,0,0,0,0,0,0,0,3.8,11283,283,壹直爽,"第61本 时长：4.5小时 配置：5男2女 店家：景德镇三仟世界 其实前面还好,普普通通的欢乐本,各方面都中规中矩。整体看下来就是弹圆片小游戏外加各种不...全文",架空 机制 欢乐 玄幻
贤者之石2请不要吃我,贤者之石2：请不要吃我,7.7,7.6,7.9,7.3,0,0,0,0,0,0,0,0,0,0,0,0,0,0,0,0,19975,11038,695,第七诫工作室,4男3女 12.0小时 高阶 2021.11发行,
死囚失控伦敦,死囚·失控伦敦,8.3,8.1,7.5,0,0,0,0,0,0,0,0,0,0,0,7.8,0,0,0,0,0,1.4,35083,3324,低空飞行,百本选手说剧本:剧本《死囚•失控伦敦》6人本 3男3女 剧本类型:独家本 还原本 游戏时间:5小时左右 实话实说 今天上午 我 手欠了 把自己 死囚 的测评 给 删除了 完全是 失误的操作 咋办？ 在写一次呗 弥补一下 👬适合人群：苏...全文,
逃离疯人院,逃离疯人院2：无声悲鸣,7.8,7.5,0,0,0,7.3,0,0,0,0,0,0,0,0,7.9,0,0,0,0,0,6683,21832,2058,有仙气工作室,3男3女 5.5小时 新手 2024.01发行,中式 情感 立意 新手
归墟子语,归墟子语,8.0,7.4,0,7.3,0,0,0,7.7,0,0,0,0,0,0,0,0,0,0,0,0,5043,86314,5738,疯狂剧制; 铭思文化,3男3女 5.5小时 进阶 2023.01发行,
圣杯侦探和倒霉蛋,,0,0,0,0,0,0,0,0,0,0,0,0,0,0,0,0,0,0,0,0,0,0,0,,,
麻衣神探狄公案,麻衣神探·狄公案,6.7,6.3,6.9,6.6,0,0,0,0,0,0,0,0,0,0,0,0,0,0,0,0,3628,4302,323,叁叁零制片厂,4男3女 6.0小时 进阶 2023.02发行,
普罗米修斯的杀人事件2起源,,0,0,0,0,0,0,0,0,0,0,0,0,0,0,0,0,0,0,0,0,0,0,0,,,
不再见,不再见，_,9,0,0,0,0,0,0,0,0,0,0,0,0,0,0,0,0,0,0,0,3.4,0,0,茉蔻文化,3男3女 4.5小时 新手 2023.02发行,中式 情感 沉浸 都市
怪闻2泉隐炽焰卷,,0,0,0,0,0,0,0,0,0,0,0,0,0,0,0,0,0,0,0,0,0,0,0,,,
春花秋月何时了,春花秋月何时了,6.9,6.9,0,0,0,7.1,0,0,7.1,0,0,0,0,0,0,0,0,0,0,0,3.4,13513,1119,指尖探案,3男3女 5.5小时 进阶 2023.01发行,古风 情感 沉浸 其他
灵魂缓刑,灵魂缓刑,6.2,6.5,6.5,6.2,0,0,0,0,0,0,0,0,0,0,0,0,0,0,0,0,7947,7518,454,未经允许工作室,3男3女 6.0小时 高阶 2023.01发行,
春秋,春秋,8.0,7.4,0,0,7.0,0,7.8,0,0,0,0,0,0,0,0,0,0,0,0,0,3.8,13141,1151,Mr.一番工作室,5男2女 7.0小时 进阶 2022.10发行,架空 机制 欢乐 权谋
青山,青山,7.3,7.4,7.1,7.2,0,0,0,0,0,0,0,0,0,0,0,0,0,0,0,0,30525,40887,2597,羲和工作室,4男2女 6.0小时 进阶 2022.10发行,
re新纪元,Re：新纪元,8.1,7.8,0,0,0,7.7,0,0,7.8,0,0,0,0,0,0,0,0,0,0,0,7609,31420,2058,草庐,3男3女 4.5小时 进阶 2022.10发行,架空 机制 沉浸 二次元
少女的诡局,少女的诡局,7.6,7.3,7.1,0,0,0,0,0,0,0,0,0,0,0,0,0,0,0,0,0,6513,9537,371,百川望辰工作室,3男3女 4.0小时 进阶,日式 推理 惊悚 其他
金瓯缺,金瓯缺,7.0,7.1,0,0,0,7.1,0,0,0,7.2,0,0,0,0,0,0,0,0,0,0,6688,3563,206,粉蒸肉文创工作室,4男3女 5.0小时 进阶 2022.07发行,古风 情感 演绎 权谋
天下决,,0,0,0,0,0,0,0,0,0,0,0,0,0,0,0,0,0,0,0,0,0,0,0,,,
成人童话,成人童话,5.8,6.4,6.4,6.3,0,0,0,0,0,0,0,0,0,0,0,0,0,0,0,0,21439,10497,805,北京枫叶工作室,3男3女 8.0小时 高阶 2022.10发行,
Zooooo进化大作战,Zooooo！进化大作战！,7.6,6.9,0,0,7.7,0,7.2,0,0,0,0,0,0,0,0,0,0,0,0,0,3.8,46238,2408,可疑的宣发工作室; 帽子戏法工作室,4男3女 5.0小时 进阶 2023.01发行,架空 机制 欢乐 拟人
两不疑,两不疑,6.6,6.7,0,0,0,7.0,0,0,0,7.9,0,0,0,0,0,0,0,0,0,0,6688,6129,506,梦墨绘梦馆; 山海间工作室,3男4女 4.5小时 进阶 2023.02发行,古风 情感 演绎 武侠
幻灵侦探,幻灵侦探,7.2,7.1,7.0,6.9,0,0,0,0,0,0,0,0,0,0,0,0,0,0,0,0,6043,4475,314,折夜文化; 禾风工作室,4男2女 5.5小时 进阶 2023.02发行,
六障目诡丁,六障目诡丁,5.8,6.1,6.3,6.1,0,0,0,0,0,0,0,0,0,0,0,0,0,0,0,0,9842,6547,524,山橘推理,3男3女 6.0小时 高阶 2023.01发行,日式 推理 悬疑 怪谈
139,,0,0,0,0,0,0,0,0,0,0,0,0,0,0,0,0,0,0,0,0,0,0,0,,,
茫茫,茫茫,8.2,7.7,0,0,0,7.9,0,0,7.9,0,0,0,0,0,0,0,0,0,0,0,3.4,2995,147,夜归人工作室,3男3女 4.5小时 新手,中式 情感 沉浸 都市
浮云万里青鸟迟,浮云万里青鸟迟,8.0,7.7,0,0,0,7.8,0,0,7.7,0,0,0,0,0,0,0,0,0,0,0,3.4,71574,6234,德雾昂剧制; 慢热TUO,3男3女 4.5小时 新手 2023.01发行,民国 情感 沉浸 历史
再见如故,再见如故,6.2,6.6,0,0,0,6.5,0,0,6.6,0,0,0,0,0,0,0,0,0,0,0,3.4,6138,450,LARP原创工作室,3男3女 4.5小时 新手 2023.01发行,中式 情感 沉浸 都市
比莉尔公约,比莉尔公约,7.9,6.7,8.0,6.9,0,0,0,0,0,0,0,0,0,0,0,0,0,0,0,0,17912,26289,1894,梧桐剧制,【比莉尔公约】推理／还原／悬疑／变格 【角色时长】角色C／7小时 【人数配置】3男2女／可反串 【推荐角色】角色A核心C位 【选店建议】找熟店吧，熟悉你的DM才知道你喜欢的节奏和游戏时长，不然极...全文,
归鸿游,归鸿游,7.0,7.1,0,0,0,7.3,0,0,7.3,0,0,0,0,0,0,0,0,0,0,0,3.4,4959,395,糖果发行工作室; LARP原创工作室,3男3女 5.0小时 进阶 2023.01发行,古风 情感 沉浸 其他
十里樱花,十里樱花,7,0,0,0,0,0,0,0,0,0,0,0,0,0,0,0,0,0,0,0,3083,0,0,,3男3女 5.0小时 进阶,古风 还原 沉浸 仙侠
九个女人一出戏,九个女人一出戏,7,0,0,0,0,0,0,0,0,0,0,0,0,0,0,0,0,0,0,0,3.8,0,0,不计成本工作室,0男9女 4.0小时 新手,现代 机制 欢乐 其他
庄周梦蝶2锦瑟传,,0,0,0,0,0,0,0,0,0,0,0,0,0,0,0,0,0,0,0,0,0,0,0,,,
寒门,寒门,8.2,7.8,0,0,0,8.2,0,0,8.3,0,0,0,0,0,0,0,0,0,0,0,3.4,154684,14403,月影工作室,3男3女 5.0小时 进阶 2023.01发行,古风 情感 沉浸 仙侠
顶楼极恶之宴,,0,0,0,0,0,0,0,0,0,0,0,0,0,0,0,0,0,0,0,0,0,0,0,,,
如囚鸟挣脱之痛,如囚鸟挣脱之痛,8.5,8.2,7.7,0,0,0,0,0,0,0,7.7,0,0,0,0,0,0,0,0,0,76841,139999,12291,KEYS工作室,3男3女 7.0小时 进阶 2023.01发行,日式 推理 演绎法 其他
幻木吟,,0,0,0,0,0,0,0,0,0,0,0,0,0,0,0,0,0,0,0,0,0,0,0,,,
沙哭,沙哭,8.5,8.2,0,0,0,7.8,7.5,0,0,0,0,0,0,0,0,0,0,0,0,0,3161,24489,2010,表里山河创作,4男3女 4.5小时 进阶 2022.09发行,古风 机制 博弈 历史
有人说于归,,0,0,0,0,0,0,0,0,0,0,0,0,0,0,0,0,0,0,0,0,0,0,0,,,
温度生来平凡,,0,0,0,0,0,0,0,0,0,0,0,0,0,0,0,0,0,0,0,0,0,0,0,,,
说谎者,,0,0,0,0,0,0,0,0,0,0,0,0,0,0,0,0,0,0,0,0,0,0,0,,,
百鬼夜行,HASAKI！百鬼夜行,8.0,7.0,0,0,7.7,0,7.8,0,0,0,0,0,0,0,0,0,0,0,0,0,3161,57979,3876,绯色剧制,5男3女 5.5小时 进阶 2022.12发行,日式 机制 博弈 二次元
那一束月光2旅行的意义,,0,0,0,0,0,0,0,0,0,0,0,0,0,0,0,0,0,0,0,0,0,0,0,,,
将雪,将雪,6.7,6.7,0,0,0,6.9,0,0,6.8,0,0,0,0,0,0,0,0,0,0,0,3.4,28907,1693,火车头联合工作室; 不言月剧本研究室,3男3女 4.5小时 新手 2022.12发行,古风 情感 沉浸 仙侠
立方馆谋杀始末,立方馆谋杀始末,8.7,7.7,8.3,0,0,0,0,0,0,0,8.0,0,0,0,0,0,0,0,0,0,82960,157322,16847,隐匿角色,3男3女 7.0小时 高阶 2023.01发行,日式 推理 设定 都市
巴四五的手札,巴四五的手札,6.4,6.2,7.0,6.4,0,0,0,0,0,0,0,0,0,0,0,0,0,0,0,0,9487,11444,840,小鱼干工作室,4男3女 6.0小时 高阶 2023.07发行,
先生,先生,4.7,5.0,0,0,0,5.1,0,0,5.2,0,0,0,0,0,0,0,0,0,0,0,3.4,11072,653,狸猫文创,2男4女 4.5小时 新手 2022.09发行,中式 情感 沉浸 都市
启元克莱因囚笼,启元：克莱因囚笼,8.5,7.5,8.1,0,0,0,0,0,0,0,7.7,0,0,0,0,0,0,0,0,0,19018,17455,1742,二类人生剧制,百本选手说剧本:剧本《启元:克莱因囚笼》6人本 4男2女 剧本类型:城限本 推理本 游戏时间:5.5小时左右 👬适合人群：逻辑流 玩家 ❤剧情感受：🈶 ...全文,
90后才不会变老呢,,0,0,0,0,0,0,0,0,0,0,0,0,0,0,0,0,0,0,0,0,0,0,0,,,
叫爸爸2丧尸RUARUA,,0,0,0,0,0,0,0,0,0,0,0,0,0,0,0,0,0,0,0,0,0,0,0,,,
悲欢,悲欢,7.4,7.2,0,0,0,7.2,0,0,7.1,0,0,0,0,0,0,0,0,0,0,0,3.4,985,104,暮影工作室,类型: 现代/情感/沉浸 人数: 3男3女 不可反串 时长: 5个小时 体验角色:我不能讲会剧透， 开场及沉浸，每个人都有自己在乎的东西，这个本可以完全的让你抒发出自己的感情，卸...全文,现代 情感 沉浸 成长
西游释厄传,西游释厄传ll,6.9,7.2,0,0,0,0,7.0,0,0,0,7.0,0,0,0,0,0,0,0,0,0,16381,25005,2177,可疑的宣发工作室; LARP原创工作室,百本选手说剧本:剧本《西游释厄传ll》8人本 5男3女（🉑以反串）剧本类型:城限本 机制本 游戏时间:11小时左右 👬适合人群：机制本玩家 🉑疑的宣发工作室...全文,古风 机制 其他 神话
等,,0,0,0,0,0,0,0,0,0,0,0,0,0,0,0,0,0,0,0,0,0,0,0,,,
叫爸爸2你个死鬼,叫爸爸2：你个死鬼,7.3,7.0,0,0,7.5,0,6.8,0,0,0,0,0,0,0,0,0,0,0,0,0,3.8,14007,512,联合趣玩UF,3男4女 4.0小时 新手 2023.01发行,中式 机制 欢乐 都市
燃烧,燃烧,8.5,8.0,0,0,0,8.1,0,0,8.1,0,0,0,0,0,0,0,0,0,0,0,43570,54344,4122,,3男3女 4.5小时 进阶 2022.12发行,中式 情感 沉浸 都市
红豆,红豆,9.1,8.8,0,0,0,8.8,0,0,8.8,0,0,0,0,0,0,0,0,0,0,0,3.4,206040,32422,仲夏清晨; 团剧文创工作室,3男3女 5.5小时 进阶 2023.01发行,民国 情感 沉浸 家国
深圳今夜请将我遗忘,中华龙组2：深圳今夜请将我遗忘,7.5,7.3,0,0,7.6,0,7.1,0,0,0,0,0,0,0,0,0,0,0,0,0,3.8,1752,163,银河制片厂,百本选手说剧本:剧本《中华龙组2:深圳今夜请将我遗忘》6人本 3男3女（不建议反串）剧本类型:独家本 欢乐 机制本 立意 情感本 游戏时间:8.5小时 实话实说 测车 大家 都对 剧本 提出了 自己的 宝贵 建议 我只能说 剧本还有 改动的空间 推荐人群:公司团建 新手玩家 ...全文,现代 机制 欢乐 二次元
无名之町2下篇,,0,0,0,0,0,0,0,0,0,0,0,0,0,0,0,0,0,0,0,0,0,0,0,,,
岁月神偷,岁月神偷,5.8,6.0,0,0,0,6.2,0,0,6.1,0,0,0,0,0,0,0,0,0,0,0,3.4,3285,158,古余工作室,3男3女 4.5小时 进阶 2023.01发行,中式 情感 沉浸 都市
江山辞,江山辞,6.4,6.4,0,0,0,6.7,0,0,6.7,0,0,0,0,0,0,0,0,0,0,0,3.4,9562,634,海上仙山,3男3女 5.5小时 进阶 2022.10发行,古风 情感 沉浸 家国
厄鸦之轮,厄鸦之轮,7.9,7.5,0,0,0,0,0,7.4,0,0,0,0,0,0,0,0,0,0,0,0,11.3,13720,578,集闲社文创,4男2女 5.0小时 进阶 2022.05发行,
一颗开花的树,,0,0,0,0,0,0,0,0,0,0,0,0,0,0,0,0,0,0,0,0,0,0,0,,,
明天,,0,0,0,0,0,0,0,0,0,0,0,0,0,0,0,0,0,0,0,0,0,0,0,,,
小山重叠金明灭,小山重叠金明灭,7.0,6.6,0,6.7,0,0,0,6.8,0,0,0,0,0,0,0,0,0,0,0,0,5043,8785,182,鹿鸣工作室,4男4女 4.5小时 进阶 2021.03发行,
云海,,0,0,0,0,0,0,0,0,0,0,0,0,0,0,0,0,0,0,0,0,0,0,0,,,
过期少年,过期少年,7.0,7.1,0,0,0,7.1,0,6.8,0,0,0,0,0,0,0,0,0,0,0,0,6577,16170,821,脑力觉醒,3男4女 4.0小时 新手 2022.12发行,
三点半,三点半,6.5,6.7,0,0,0,0,0,6.6,0,0,0,0,0,0,0,0,0,0,0,0,11.3,43796,1361,空山工作室,3男3女 4.5小时 进阶 2022.11发行,
晚秋,晚秋,6.9,6.9,0,0,0,7.1,0,0,0,7.8,0,0,0,0,0,0,0,0,0,0,6707,17027,1060,枫叶工作室; 向阳岛工作室,3男3女 5.5小时 进阶 2022.09发行,古风 情感 演绎 武侠
豪门31冥海缒幽,,0,0,0,0,0,0,0,0,0,0,0,0,0,0,0,0,0,0,0,0,0,0,0,,,
WwW创伤废土世界,WwW创伤废土世界,7.4,7.3,0,0,0,0,0,7.4,0,0,0,0,0,0,7.3,0,0,0,0,0,6577,5879,363,武汉未蓝原创,3男3女 5.0小时 进阶 2022.12发行,
大话西游长安乱,,0,0,0,0,0,0,0,0,0,0,0,0,0,0,0,0,0,0,0,0,0,0,0,,,
未名,未名,6.8,6.8,0,0,0,7.0,0,0,7.0,0,0,0,0,0,0,0,0,0,0,0,3.4,6834,501,诸葛发行工作室; 逍山文创,百本选手说剧本:剧本《未名》6人本 3男3女（不可反串）剧本类型:城限本 情感本 游戏时间:5小时左右 实话实说 这个本 不行 不好玩 剧情 也不行 🈶边缘角色 主 家国线 亲情 爱情 一共🈶 三个本 前面你🈶多欢乐 后面你就🈶 多难受 这个本 🈚️凶案 🈶演绎 是一个传统意义上的 复古情感本 作者文笔一般 剧情不行 人...全文,古风 情感 沉浸 家国
离家出走,离家出走,8.7,8.5,7.9,0,0,0,0,0,0,0,8.2,0,0,0,0,0,0,0,0,0,64968,49103,4829,子夜推理工作室,5男2女 10.0小时 高阶 2022.06发行,
沈园外,沈园外,6.4,6.5,0,0,0,0,6.2,0,6.4,0,0,0,0,0,0,0,0,0,0,0,7609,3874,167,苍山剧社,3男3女 4.0小时 进阶,中式 机制 沉浸 都市
月色里的塞纳河,月色里的塞纳河,7.4,7.1,6.8,0,0,0,0,0,0,0,0,0,0,0,7.3,0,0,0,0,0,2021,6510,149,风月发行,4男3女 4.0小时 进阶 2021.05发行,
木叶动秋声,木叶动秋声,7.0,6.9,6.3,0,0,0,0,0,0,0,0,0,0,0,7.0,0,0,0,0,0,1.4,1625,56,白昼剧制,3男3女 4.0小时 进阶 2021.12发行,
游子三旬一期一会,,0,0,0,0,0,0,0,0,0,0,0,0,0,0,0,0,0,0,0,0,0,0,0,,,
追光者,追光者,5,0,0,0,0,0,0,0,0,0,0,0,0,0,0,0,0,0,0,0,6712,0,0,乌鸦工作室,3男3女 4.0小时 新手,
硬币的第四面,硬币的第四面,8.1,7.6,7.4,0,0,0,0,0,0,0,0,0,0,0,7.9,0,0,0,0,0,1.4,19975,1680,唱唱反调剧本工作室,百本选手说剧本:剧本《硬币的第四面》6人本 3男3女（可以反串）剧本类型:城限本 刑侦 还原本 游戏时间:6小时左右 👬适合人群：喜欢 跟着 DM 的 指引 走的 玩家 喜欢 最后 超级 大还原 的 玩家 喜欢 故事分享大会 ...全文,
除却巫山,除却巫山,6.3,6.5,0,0,0,6.8,0,0,6.7,0,0,0,0,0,0,0,0,0,0,0,3.4,2131,141,天恩院; 山间月工作室,3男3女 4.5小时 进阶 2022.10发行,古风 情感 沉浸 仙侠
野寺坊彷徨之夜,,0,0,0,0,0,0,0,0,0,0,0,0,0,0,0,0,0,0,0,0,0,0,0,,,
电话亭,电话亭,7.3,7.3,0,0,0,0,0,0,7.4,0,0,0,0,0,7.2,0,0,0,0,0,3.4,12316,792,瓦特工作室,3男3女 5.0小时 进阶 2022.10发行,民国 情感 沉浸 都市
一座城2,一座城2,8.7,8.6,8.0,7.8,0,0,0,0,0,0,0,0,0,0,0,0,0,0,0,0,57410,43663,3995,老姜剧本,2男2女 9.0小时 进阶 2022.09发行,
豪门30曼娜,,0,0,0,0,0,0,0,0,0,0,0,0,0,0,0,0,0,0,0,0,0,0,0,,,
北上南下,北上南下往复东西,6.8,6.6,0,0,0,6.8,6.5,0,0,0,0,0,0,0,0,0,0,0,0,0,7609,7709,410,归途工作室,3男3女 4.0小时 进阶 2022.10发行,中式 机制 沉浸 都市
花园与夜莺,花园与夜莺,8.5,8.1,0,0,0,8.1,7.5,0,0,0,0,0,0,0,0,0,0,0,0,0,49170,46600,4096,,3男4女 5.0小时 进阶 2022.08发行,未来 机制 沉浸 科幻
三国封神,三国封神,8.6,7.7,0,0,8.0,0,8.4,0,0,0,0,0,0,0,0,0,0,0,0,0,3161,75432,5480,FB发行工作室,5男3女 7.0小时 进阶 2022.10发行,
坏家伙们犯罪事件始末,坏家伙们犯罪事件始末,7.5,7.2,0,6.9,0,0,0,7.8,0,0,0,0,0,0,0,0,0,0,0,0,5043,7435,509,山山而川,3男3女 6.0小时 进阶 2022.07发行,
海底,海底,6.4,6.7,6.4,0,0,6.8,0,0,0,0,0,0,0,0,0,0,0,0,0,0,3.4,1933,60,归一工作室,3男3女 4.5小时 进阶 2022.02发行,架空 情感 沉浸 都市
倒转颠末的推理书,,0,0,0,0,0,0,0,0,0,0,0,0,0,0,0,0,0,0,0,0,0,0,0,,,
Re新世界,Re：新世界,8.2,7.9,0,0,0,7.7,0,0,7.6,0,0,0,0,0,0,0,0,0,0,0,7609,39323,2110,草庐,全程约6小时，比较中二，在这个本里体验情感那就大可不必了，女性角色体验会比男性角色好。基本无感的一个本。 机制部分也比较无聊，比较简单，就算没你也一样，没有参与的动力，只...全文,架空 机制 沉浸 二次元
东方美人,东方美人2：天下大同,10,0,0,0,0,0,0,0,0,0,0,0,0,0,0,0,0,0,0,0,7609,0,0,南燕工作室,4男3女 5.0小时 进阶 2022.07发行,古风 机制 沉浸 历史
天机不可泄露,天机不可泄露,7.3,7.0,0,0,0,0,0,6.7,0,0,0,0,0,0,6.8,0,0,0,0,0,6577,4198,85,九有出品,剧本名称：《天机不可泄露》 角色配置：4男2女 剧本类型：民国/情感/演绎/城限 剧本时长：6小时 剧本杀店：...全文,
怪谈事务所破界,怪谈事务所：破界,9.0,8.1,0,7.5,0,0,8.8,0,0,0,0,0,0,0,0,0,0,0,0,0,3161,110545,10071,百川望辰工作室,3男3女 10.0小时 进阶 2022.09发行,日式 机制 博弈 怪谈
内卷,内卷,6.4,0,0,0,6.7,0,0,0,6.8,0,0,0,0,0,7.1,0,0,0,0,0,3.8,8996,230,开封府剧本工作室; 臭猴子工作室,4男3女 4.5小时 进阶 2022.01发行,架空 机制 欢乐 都市
奈亚拉美术馆,奈亚拉美术馆,7.1,7.0,6.8,0,0,0,0,7.0,0,0,0,0,0,0,0,0,0,0,0,0,4.5,12307,536,未经允许工作室,4男2女 5.5小时 高阶 2022.02发行,
南屏晚钟,南屏晚钟,7.1,7.0,0,0,0,7.3,0,0,7.3,0,0,0,0,0,0,0,0,0,0,0,3.4,15487,1009,入界文创,3男4女 4.5小时 进阶 2022.09发行,中式 情感 沉浸 历史
如果回忆记得,如果回忆记得,6.3,6.7,0,0,0,6.6,0,0,6.6,0,0,0,0,0,0,0,0,0,0,0,3.4,1141,66,萧氏剧盟,3男3女 4.5小时 新手 2022.09发行,中式 情感 沉浸 都市
百年谋杀漫谈,,0,0,0,0,0,0,0,0,0,0,0,0,0,0,0,0,0,0,0,0,0,0,0,,,
恋爱洗牌,恋爱洗牌,5.7,5.8,0,0,6.4,0,5.9,0,0,0,0,0,0,0,0,0,0,0,0,0,3.8,8328,296,玩剧自由工作室,4男4女 4.5小时 进阶 2022.07发行,架空 机制 欢乐 都市
晴天,晴天,7.0,6.7,0,0,0,7.2,0,0,7.3,0,0,0,0,0,0,0,0,0,0,0,3.4,10209,420,狸猫文创,3男3女 4.5小时 进阶 2022.06发行,中式 情感 沉浸 都市
夏日奇想,夏日奇想,7.0,7.3,6.9,0,0,0,0,0,0,0,0,0,0,0,6.8,0,0,0,0,0,1.4,16626,798,剧格工厂,4男3女 5.0小时 高阶 2022.01发行,日式 推理 立意 二次元
你我他下卷旧巷子的猫,,0,0,0,0,0,0,0,0,0,0,0,0,0,0,0,0,0,0,0,0,0,0,0,,,
大雪侦探和倒霉蛋,,0,0,0,0,0,0,0,0,0,0,0,0,0,0,0,0,0,0,0,0,0,0,0,,,
玻璃屋3漫游白兔屋,,0,0,0,0,0,0,0,0,0,0,0,0,0,0,0,0,0,0,0,0,0,0,0,,,
长安一片月,长安一片月,6.8,7.1,0,0,0,6.3,0,0,6.8,0,0,0,0,0,0,0,0,0,0,0,3.4,914,68,破釜沉舟,剧本：《长安一片月》 类型：古风、情感、沉浸、还原、历史 人物：3男3女 时常：4.5-5小时 总评：①推理⭐️⭐️⭐️⭐️ ②剧情⭐️⭐️⭐️⭐...全文,古风 情感 沉浸 历史
玛丽推理守则,,0,0,0,0,0,0,0,0,0,0,0,0,0,0,0,0,0,0,0,0,0,0,0,,,
九霄2,九霄2,7.3,7.0,0,0,0,7.4,0,6.9,0,0,0,0,0,0,0,0,0,0,0,0,3083,16815,852,武汉呱剧本工作室; 葫芦巷发行工作室,今晚打完二讲实话是有点生气的，此本70%演绎都是男主&npc和女主&npc的故事，2个主角很嗨，4个陪玩大眼瞪小眼！这个本的c位太明显了，没拿到的人可能就是干坐7小时，我作为一个边边，中间一度都会有点困（全程演绎的情况下犯困也是少见），此外文笔之烂我也不想...全文,古风 还原 沉浸 玄幻
水镜八奇3群雄逐鹿,,0,0,0,0,0,0,0,0,0,0,0,0,0,0,0,0,0,0,0,0,0,0,0,,,
不夜城,不夜城,2,0,0,0,0,0,0,0,0,0,0,0,0,0,0,0,0,0,0,0,3.8,0,0,jio滑的工作室,3男3女 4.5小时 进阶 2024.08发行,现代 机制 欢乐 其他
克塔尼德的安全守则,克塔尼德的安全守则,9,0,0,0,0,0,0,0,0,0,0,0,0,0,0,0,0,0,0,0,1.4,0,0,入局文化,3男3女 4.0小时 进阶 2022.07发行,
家长会2爱丽丝的最后一次漫游,家长会2：爱丽丝的最后一次漫游,6.9,7.0,0,0,0,0,0,0,6.9,0,0,0,0,0,7.2,0,0,0,0,0,6718,5474,214,核桃剧本工作室,3男3女 4.5小时 进阶,
乌骨,乌骨,7.7,7.6,0,0,0,7.6,0,7.3,0,0,0,0,0,0,0,0,0,0,0,0,3.4,66401,4493,树人工作室,百本选手说剧本:剧本《乌骨》6人本 4女2男 剧本类型:城限本 情感本 游戏时间:6.5小时左右 👬适合人群：情感本玩家 ❤剧情感受：...全文,古风 情感 沉浸 武侠
树洞,《树洞》,0,0,0,0,0,0,0,0,0,0,0,0,0,0,0,0,0,0,0,0,0,0,0,V崽工作室,2男4女 4.5小时 新手 2022.07发行,中式 情感 沉浸 都市
卖快乐的人,卖快乐的人,7.6,7.4,0,0,0,0,0,0,7.3,0,0,0,0,0,0,0,0,0,0,0,5322,21657,975,橘·剧本实验室,2男3女 4.5小时 新手 2022.07发行,日式 情感 治愈 都市
吟梦集,吟梦集,6.0,6.2,5.8,0,0,6.6,0,0,0,0,0,0,0,0,0,0,0,0,0,0,2.8,7675,163,婳张工作室,3男3女 5.0小时 进阶 2021.06发行,古风 推理 沉浸 家国
八苦捌苦,,0,0,0,0,0,0,0,0,0,0,0,0,0,0,0,0,0,0,0,0,0,0,0,,,
帕拉丁,帕拉丁（PALADIN）,7.3,6.6,0,0,7.0,0,0,0,0,0,0,0,0,0,0,7.4,0,0,0,0,9517,17790,782,知道剧行,4男3女 6.0小时 进阶 2022.05发行,
六个盒子β帕佐庄园,,0,0,0,0,0,0,0,0,0,0,0,0,0,0,0,0,0,0,0,0,0,0,0,,,
桔梗花消失的秋天,,0,0,0,0,0,0,0,0,0,0,0,0,0,0,0,0,0,0,0,0,0,0,0,,,
丁达尔克的神奇夜,丁达尔克的神奇夜,7.7,7.7,7.2,6.6,0,0,0,0,0,0,0,0,0,0,0,0,0,0,0,0,47598,122322,6922,灰烬工作室,3男3女 6.0小时 进阶 2022.07发行,架空 机制 沉浸 进阶
王府跪谈,,0,0,0,0,0,0,0,0,0,0,0,0,0,0,0,0,0,0,0,0,0,0,0,,,
兔子世界下起胡萝卜雨,,0,0,0,0,0,0,0,0,0,0,0,0,0,0,0,0,0,0,0,0,0,0,0,,,
蜀山传之人间篇,蜀山传之人间篇,7.6,7.4,0,0,0,7.0,7.0,0,0,0,0,0,0,0,0,0,0,0,0,0,3161,11691,225,小本买卖工作室; FB发行工作室,3男3女 4.0小时 进阶,古风 机制 博弈 仙侠
地狱收音机,青川怪谈：地狱收音机,6.6,6.8,6.6,0,0,0,0,0,0,0,0,0,0,0,6.5,0,0,0,0,0,1.4,7493,319,白夜追熊工作室,3男3女 4.5小时 进阶 2022.06发行,
回家2远方,回家2远方,7.6,7.2,0,0,0,7.5,0,0,7.5,0,0,0,0,0,0,0,0,0,0,0,3.4,12517,505,枫叶工作室; 北京BIG,3男3女 4.5小时 进阶 2022.04发行,中式 情感 沉浸 都市
w,,0,0,0,0,0,0,0,0,0,0,0,0,0,0,0,0,0,0,0,0,0,0,0,,,
将死未死的thx,将死未死的THX,6.1,6.5,6.4,6.3,0,0,0,0,0,0,0,0,0,0,0,0,0,0,0,0,14084,33466,1143,满分工作室; DA剧本工场,【将死未死的THX】反转／推理／还原／悬疑 【角色时长】眼镜男／7小时 【人数配置】4男2女／可反串 【推荐角色】无边缘位，确实想上车体验的话推荐衬衫男／卫衣女 【选店建议】该本对DM要求极高！不是演...全文,
花与爱丽丝,,0,0,0,0,0,0,0,0,0,0,0,0,0,0,0,0,0,0,0,0,0,0,0,,,
鲸落,鲸落,8.5,8.0,0,0,0,0,0,0,0,0,7.8,0,0,0,8.4,0,0,0,0,0,6090,107402,5860,表里山河创作; 疯狂剧制,2男3女 4.5小时 进阶 2022.06发行,
归途花开,归途花开,6.8,7.0,0,0,0,6.7,0,0,7.0,0,0,0,0,0,0,0,0,0,0,0,3.4,3336,115,扶摇文创工作室,3男3女 4.5小时 进阶,中式 情感 沉浸 都市
小吊梨汤2从前的月亮是个橘子,,0,0,0,0,0,0,0,0,0,0,0,0,0,0,0,0,0,0,0,0,0,0,0,,,
吉田花屋山田洋子2,山田洋子2：吉田花屋,6.9,7.0,6.7,0,0,0,0,0,0,0,0,0,0,0,0,0,0,0,0,0,9655,21404,513,水镜出品,3男3女 4.5小时 进阶 2022.05发行,日式 推理 惊悚 怪谈
孤舟萤豪门系列,,0,0,0,0,0,0,0,0,0,0,0,0,0,0,0,0,0,0,0,0,0,0,0,,,
哈哈哈哈哈哈,哈哈哈哈哈哈哈,6.1,6.0,0,0,6.8,0,6.1,0,0,0,0,0,0,0,0,0,0,0,0,0,3.8,17941,446,帽子戏法工作室,3男4女 4.0小时 进阶 2022.05发行,架空 机制 欢乐 都市
玫瑰玫瑰,,0,0,0,0,0,0,0,0,0,0,0,0,0,0,0,0,0,0,0,0,0,0,0,,,
苍岐,,0,0,0,0,0,0,0,0,0,0,0,0,0,0,0,0,0,0,0,0,0,0,0,,,
凤起长安,,0,0,0,0,0,0,0,0,0,0,0,0,0,0,0,0,0,0,0,0,0,0,0,,,
余生,《余生》,2,0,0,0,0,0,0,0,0,0,0,0,0,0,0,0,0,0,0,0,5322,0,0,ActionGame·沉浸式剧场,4男4女 3.5小时 新手 2023.11发行,
死刑犯的独白,死刑犯的独白,7.9,7.4,0,7.1,0,0,0,7.5,0,0,0,0,0,0,0,0,0,0,0,0,5043,31872,1760,小鱼干工作室,【5小时/马小斌/有明显c位/体验分：3分】 ❎一句话总结：非刑侦本玩家真天牢系列 『🌟关键词：味同嚼蜡，猪肉味的鸡肉干，c位明显，叙诡生硬，2024年不用再补课』 『🌟角色体验：男女体验没有明显偏差。...全文,
元德十三年,元德十三年：京师之乱,7.1,7.0,0,0,0,6.9,0,6.6,0,0,0,0,0,0,0,0,0,0,0,0,3083,6404,308,惊查局文创工作室,3男4女 4.5小时 进阶,古风 还原 沉浸 家国
嘉禾望岗,芳华2：嘉禾望岗,7.7,7.5,0,0,0,7.6,0,0,0,7.5,0,0,0,0,0,0,0,0,0,0,6718,12150,445,燃点工作室,3男3女 4.0小时 进阶 2021.11发行,
恶名昭著3杀手没有假期,恶名昭著3：杀手没有假期,7.7,7.7,6.8,6.6,0,0,0,0,0,0,0,0,0,0,0,0,0,0,0,0,11092,16936,640,东方剧制,4男2女 4.5小时 进阶 2022.04发行,
十分之一,十分之一1/10,7.4,7.3,0,0,0,7.3,6.7,0,0,0,0,0,0,0,0,0,0,0,0,0,7609,16445,592,砝码文创工作室,3男3女 4.0小时 进阶 2022.05发行,架空 机制 沉浸 都市
你还有遗憾吗？,你还有遗憾吗,6.7,6.3,0,0,0,6.4,0,0,0,6.1,0,0,0,0,0,0,0,0,0,0,6718,3110,101,西安如约而至; 天津剧盟发行工作室,2男4女 4.5小时 新手 2021.08发行,
怪闻夜行惊奇卷,怪闻！夜行惊奇卷,7.5,7.2,7.4,0,0,0,0,0,0,0,0,0,0,0,0,0,0,0,0,0,38394,60271,3528,葵花工作室; 咪咕挑灯工作室,3男3女 5.5小时 高阶 2022.06发行,
稚双归,,0,0,0,0,0,0,0,0,0,0,0,0,0,0,0,0,0,0,0,0,0,0,0,,,
金箍,金箍,8.2,7.7,0,0,0,7.8,0,0,0,8.6,0,0,0,0,0,0,0,0,0,0,6718,48154,2639,道友留步; 卡卡工作室,3男3女 5.0小时 进阶 2022.01发行,古风 情感 演绎 神话
达摩克利斯之剑,达摩克利斯之剑,7.4,7.6,6.8,0,0,0,0,0,0,0,0,0,0,0,7.0,0,0,0,0,0,1.4,19292,996,口袋发行,4男2女 6.0小时 高阶 2022.01发行,
浮生梦余烬,浮生梦·余烬,8.0,7.8,0,0,0,7.7,0,0,0,8.2,0,0,0,0,0,0,0,0,0,0,6718,43042,2114,浮生梦文创,3男3女 4.5小时 进阶 2022.02发行,
春日怨.半仙瓦舍,,0,0,0,0,0,0,0,0,0,0,0,0,0,0,0,0,0,0,0,0,0,0,0,,,
半盏茶事半盏茶室,,0,0,0,0,0,0,0,0,0,0,0,0,0,0,0,0,0,0,0,0,0,0,0,,,
横行加勒比.无人之海,横行加勒比：无人之海,7.0,6.8,0,0,0,0,7.3,0,0,0,0,0,0,0,6.9,0,0,0,0,0,748,5099,128,山橘推理,4男2女 4.0小时 新手 2021.11发行,欧美 机制 立意 新手
老骗子俱乐部2,老骗子俱乐部2,7.0,6.8,0,0,7.3,0,7.0,0,0,0,0,0,0,0,0,0,0,0,0,0,3.8,34719,789,飞鱼探案,百本选手说剧本:剧本《老骗子俱乐部2》6人本 3男3女 剧本类型:盒装本 欢乐 机制本 游戏时间:5.5小时左右 这个本 还挺不错的 少有的 第二部作品 超越第一部的 适合 戏精玩家 阳光开朗的玩家 （我获得了最后的CEO）特别开心😊 🈶 跑团 🈶凶案 🈶私聊 🈶公聊 🈶投票 🈶技能 总结一句话 就是 开开心心 随便打的 一个本,中式 机制 欢乐 都市
神乐汤,神乐汤,7.9,7.5,7.2,0,7.2,0,0,0,0,0,0,0,0,0,0,0,0,0,0,0,30910,79633,4320,黑马剧制; 元宇宙故事局,3男2女 4.5小时 进阶 2022.03发行,日式 推理 欢乐 玄幻
你不知道的事,你不知道的事,7.3,7.1,6.8,0,0,0,0,0,7.0,0,0,0,0,0,0,0,0,0,0,0,2.8,4340,89,墨得创意; 山橘推理,3男3女 4.0小时 新手 2021.06发行,中式 推理 沉浸 家国
月亮沉入海底时,月亮沉入海底时,7.3,7.1,0,0,0,7.4,6.2,0,0,0,0,0,0,0,0,0,0,0,0,0,7609,44177,1576,书凝出品,3男3女 4.0小时 进阶 2022.03发行,中式 机制 沉浸 校园
关于北原千夜的一切,关于北原千夜的一切,8.6,8.3,0,0,0,0,0,8.2,0,0,7.7,0,0,0,0,0,0,0,0,0,1.1,170819,16216,禾风工作室,4男2女 4.5小时 进阶 2022.04发行,
再见的三次方,,0,0,0,0,0,0,0,0,0,0,0,0,0,0,0,0,0,0,0,0,0,0,0,,,
风华,风华,6.4,6.6,6.2,0,0,0,0,0,6.7,0,0,0,0,0,0,0,0,0,0,0,2.8,1599,48,DA剧本工场,3男3女 4.0小时 进阶,古风 推理 沉浸 武侠
世纪末最后的萤火侦探,世纪末最后的萤火侦探,7.3,7.5,6.8,0,0,7.4,0,0,0,0,0,0,0,0,0,0,0,0,0,0,19231,26478,1534,江东剧制,4男2女 6.0小时 高阶 2021.11发行,日式 推理 演绎法 都市
三体最终决议,,0,0,0,0,0,0,0,0,0,0,0,0,0,0,0,0,0,0,0,0,0,0,0,,,
青楼2,青楼2,6.0,6.3,0,0,6.7,0,6.3,0,0,0,0,0,0,0,0,0,0,0,0,0,3.8,85287,2128,西昆仑发行工作室,4男3女 4.0小时 进阶 2022.04发行,架空 机制 欢乐 武侠
盛夏白瓷梅子汤,盛夏白瓷梅子汤,7.5,7.2,5.8,0,0,0,0,0,7.1,0,0,0,0,0,0,0,0,0,0,0,3.4,13390,384,白昼剧制,《盛夏白瓷梅子汤》⭐️⭐️⭐️⭐️ 📖剧本类型：中式/治愈/情感/新手 👦🏻玩家配置：③男④女 ⌚️体验时长：⑤小时 ❤️体验角色：慕长风（这个角色像我...全文,中式 情感 沉浸 都市
神注视着你,神注视着你,8.0,7.7,7.1,0,0,0,0,0,0,0,0,0,0,0,0,0,0,0,0,0,16230,24319,879,南昌罗生门推理室,3男3女 4.5小时 进阶 2021.05发行,
帕佐庄园,帕佐庄园,8.0,7.4,7.5,7.2,0,0,0,0,0,0,0,0,0,0,0,0,0,0,0,0,29945,51982,2295,老玉米联合工作室; PUZZLER工作室,4男2女 5.0小时 高阶 2021.08发行,
239二三九,,0,0,0,0,0,0,0,0,0,0,0,0,0,0,0,0,0,0,0,0,0,0,0,,,
冷宫,冷宫,6.1,6.2,0,0,6.6,0,5.9,0,0,0,0,0,0,0,0,0,0,0,0,0,3.8,3901,104,传送门工作室,1男5女 3.0小时 进阶 2021.07发行,架空 机制 欢乐 科幻
桑北花杀2月隐西凌,桑北花杀2：月隐西凌,6.9,6.6,0,6.1,0,0,0,0,0,0,0,0,0,0,0,6.9,0,0,0,0,9517,20935,641,老玉米联合工作室,4男4女 5.0小时 进阶 2021.11发行,
向日葵之家,向日葵之家,7.9,7.4,6.8,0,0,0,0,0,7.3,0,0,0,0,0,0,0,0,0,0,0,2.8,10813,303,预谋剧制,“哪有什么岁月静好，只是有人在替你负重前行” 单纯为了哲男上的车，体验真的特别好，体量不大时长4小时，但是需要两位男dm演绎再搭配一个女演员. 感谢哲男、梓新、冰冰的...全文,中式 推理 沉浸 都市
霜华引2,霜华引2：沉星赋,6.3,6.3,6.1,0,0,0,0,0,6.8,0,0,0,0,0,0,0,0,0,0,0,3161,4802,125,剧满楼创意工作室,4男3女 4.5小时 进阶 2021.10发行,古风 机制 博弈 仙侠
谭山高校怪谈,K的游戏：诡寓实录2谭山高校怪谈,6,0,0,0,0,0,0,0,0,0,0,0,0,0,0,0,0,0,0,0,0,0,0,K的游戏,1男0女 2.0小时 新手 2021.09发行,
杀猪,杀猪,6.0,6.2,0,0,6.8,0,6.4,0,0,0,0,0,0,0,0,0,0,0,0,0,3.8,78941,2055,十库工作室,5男3女 4.5小时 进阶 2022.03发行,架空 机制 欢乐 都市
虚无的十字架,,0,0,0,0,0,0,0,0,0,0,0,0,0,0,0,0,0,0,0,0,0,0,0,,,
达知县,,0,0,0,0,0,0,0,0,0,0,0,0,0,0,0,0,0,0,0,0,0,0,0,,,
暗黑者2七宗欲,,0,0,0,0,0,0,0,0,0,0,0,0,0,0,0,0,0,0,0,0,0,0,0,,,
三十二年春,三十二年春,7.2,7.0,0,0,0,6.9,0,0,0,6.6,0,0,0,0,0,0,0,0,0,0,6718,16847,561,树人工作室,4男3女 5.0小时 进阶,古风 情感 演绎 家国
逃脱艺术家,逃脱艺术家2：叙弗涅密契,8.8,7.9,8.6,0,0,0,0,0,0,0,8.3,0,0,0,0,0,0,0,0,0,39113,24149,3867,山橘推理; 为雨发行工作室,3男3女 10.0小时 进阶 2025.03发行,
俞家旅馆,,0,0,0,0,0,0,0,0,0,0,0,0,0,0,0,0,0,0,0,0,0,0,0,,,
大唐秘史神龙劫,大唐秘史·神龙劫,5.7,6.6,0,6.1,0,0,0,0,0,0,0,0,0,0,0,6.4,0,0,0,0,9517,8061,209,老玉米联合工作室; 九根香工作室,【类型】：阵营、机制、情感、还原、古风 【人数】：8人（4男4女） 【时长】：5.5小时 【关键词：盒装价格! 城限质量! 】 玩之前没有了解过这个本，被朋友拉上车的。开始玩了以后发现剧本的故事线完整，人物关系看似...全文,
北纬62度的风,,0,0,0,0,0,0,0,0,0,0,0,0,0,0,0,0,0,0,0,0,0,0,0,,,
遇见寰宇,遇见寰宇,5.6,6.1,6.4,6.0,0,0,0,0,0,0,0,0,0,0,0,0,0,0,0,0,11953,24686,798,灰烬工作室,3男3女 6.0小时 高阶 2022.01发行,
甜蜜的家,甜蜜的家,7.6,7.2,7.3,0,0,0,0,0,0,0,0,0,0,0,0,0,0,0,0,0,11542,34494,1560,凡几剧制,3男2女 4.0小时 进阶 2022.01发行,
下凡神仙的悲惨生活,下凡神仙的悲惨生活,5.9,6.2,0,0,7.0,0,6.6,0,0,0,0,0,0,0,0,0,0,0,0,0,3.8,10125,217,铭思文化,4男3女 3.0小时 新手 2021.11发行,架空 机制 欢乐 玄幻
星之子,星之子,7.3,7.1,0,0,0,6.9,0,0,7.3,0,0,0,0,0,0,0,0,0,0,0,6718,3975,144,相骏诗工作室,3男3女 4.0小时 进阶 2021.08发行,
晚安风铃草,晚安风铃草,7.5,7.2,7.0,0,0,0,0,0,7.4,0,0,0,0,0,0,0,0,0,0,0,7609,6182,215,梦境岭剧本工作室,补测系列《晚安风铃草》⭐️⭐️⭐️ 📖剧本类型：现代/情感/欢乐/新手 👦🏻玩家配置：③男③女 ⌚️体验时长：4.5小时 ❤️体验角色...全文,中式 机制 沉浸 都市
江湖,,0,0,0,0,0,0,0,0,0,0,0,0,0,0,0,0,0,0,0,0,0,0,0,,,
涂川2：三生契,涂川2：三生契,8.2,7.5,0,0,0,7.9,0,0,0,8.7,0,0,0,0,0,0,0,0,0,0,45302,96993,4857,,3男3女 4.5小时 新手 2021.12发行,古风 情感 演绎 玄幻
猎人笔记正午,猎人笔记：正午,8.5,8.0,0,0,0,0,0,0,7.8,0,0,0,0,0,8.0,0,0,0,0,0,34591,61149,2919,雪碧工作室,百本选手说剧本:剧本《猎人笔记:正午》7人本 4男3女（最好不反串）剧本类型:城限本 立意本 游戏时间:5小时左右 👬适合人群：考...全文,
聆听者2：密语人,聆听者2：密语人,10,0,0,0,0,0,0,0,0,0,0,0,0,0,0,0,0,0,0,0,0,0,0,伊一工作室,3男4女 4.5小时 新手 2022.03发行,
七日囚徒,七日囚徒,7.8,7.6,0,0,0,0,0,7.5,0,0,0,0,0,0,0,0,0,0,0,0,11.3,47103,2418,武汉Top剧本工作,3男3女 5.5小时 进阶 2022.09发行,
